state,districts,district_seasons,issue_time,DSTCT_RMSE,DSTCT_RMSE_sd,DSTCT_MAE,DSTCT_MAE_sd,DSTCT_R2,trend_RMSE,RMSE_reduction_vs_trend_pct,years_better,year_seed_total,yield_mean,trend_relative_error_pct
Odisha,30.0,347,end of season,0.2036,0.0027,0.1477,0.0024,0.5289,0.316,35.5832,36.0,36.0,1.5931,19.8355
Madhya Pradesh,51.0,601,end of season,0.5416,0.0039,0.3923,0.002,0.6896,0.7082,23.529,31.0,36.0,2.4284,29.1632
Chhattisgarh,26.0,258,end of season,0.2907,0.0105,0.2142,0.0087,0.4745,0.3322,12.4822,29.0,36.0,1.4421,23.0359
Andhra Pradesh,6.0,35,end of season,0.5741,0.0203,0.4459,0.016,-0.3934,0.6432,10.7526,25.0,36.0,0.9276,69.3402
Kerala,1.0,2,end of season,0.9257,0.0764,0.7619,0.1832,-inf,0.996,7.0572,3.0,6.0,1.0,99.6
Gujarat,33.0,332,end of season,0.4586,0.0055,0.3479,0.0037,0.4837,0.4925,6.8703,26.0,36.0,2.8039,17.5648
Karnataka,26.0,179,end of season,0.3659,0.0041,0.2663,0.0024,0.2186,0.3794,3.573,18.0,36.0,1.0009,37.9059
Jharkhand,24.0,260,end of season,0.4624,0.0081,0.3398,0.0128,-0.002,0.4726,2.1596,16.0,33.0,1.4849,31.8271
Telangana,17.0,82,end of season,0.7485,0.0174,0.4836,0.0066,-0.6311,0.7623,1.809,25.0,36.0,1.2612,60.4424
All India,,5428,end of season,0.5006,0.0069,0.3553,0.0036,0.8098,0.5097,1.7744,,,2.3872,21.3514
Rajasthan,33.0,394,end of season,0.475,0.0118,0.3471,0.0086,0.7012,0.4698,-1.1015,23.0,36.0,2.9667,15.8358
Bihar,38.0,455,end of season,0.7091,0.0172,0.5501,0.0128,-0.1818,0.677,-4.7427,16.0,36.0,2.3992,28.2177
Assam,27.0,306,end of season,0.2969,0.0072,0.2258,0.0073,0.0446,0.2798,-6.1203,10.0,36.0,1.1781,23.7501
Maharashtra,32.0,360,end of season,0.4291,0.0077,0.3245,0.0074,0.3069,0.4012,-6.9568,12.0,36.0,1.4942,26.8505
Himachal Pradesh,10.0,120,end of season,0.584,0.0266,0.4742,0.0189,-0.211,0.541,-7.9509,17.0,36.0,1.417,38.1793
West Bengal,16.0,171,end of season,0.3944,0.0152,0.2993,0.0133,0.1791,0.3643,-8.2676,16.0,36.0,2.5147,14.4868
Haryana,22.0,252,end of season,0.5693,0.0221,0.4277,0.0131,0.0231,0.5224,-8.9845,13.0,36.0,4.3971,11.8806
Uttar Pradesh,75.0,878,end of season,0.5882,0.0138,0.4107,0.0077,0.286,0.535,-9.9553,12.0,36.0,3.0171,17.7323
Uttarakhand,12.0,144,end of season,0.3362,0.0113,0.2602,0.0137,0.8527,0.3055,-10.0583,18.0,36.0,1.7974,16.9968
Punjab,22.0,252,end of season,0.483,0.0208,0.3621,0.0136,-0.1249,0.4379,-10.2986,17.0,36.0,4.6205,9.4773
Odisha,30.0,347,mid-season,0.2036,0.0018,0.1478,0.0031,0.5288,0.316,35.5722,36.0,36.0,1.5931,19.8355
Madhya Pradesh,51.0,601,mid-season,0.5504,0.0223,0.4035,0.017,0.6791,0.7082,22.2808,31.0,36.0,2.4284,29.1632
Andhra Pradesh,6.0,35,mid-season,0.5549,0.023,0.4225,0.0167,-0.3022,0.6432,13.7366,24.0,36.0,0.9276,69.3402
Chhattisgarh,26.0,258,mid-season,0.2909,0.0104,0.2142,0.0112,0.4738,0.3322,12.4211,28.0,36.0,1.4421,23.0359
Kerala,1.0,2,mid-season,0.9278,0.0073,0.7276,0.0928,-inf,0.996,6.8461,3.0,6.0,1.0,99.6
Gujarat,33.0,332,mid-season,0.471,0.0057,0.3583,0.0072,0.4555,0.4925,4.3618,26.0,36.0,2.8039,17.5648
Telangana,17.0,82,mid-season,0.7344,0.02,0.4735,0.0133,-0.5703,0.7623,3.6611,26.0,36.0,1.2612,60.4424
Jharkhand,24.0,260,mid-season,0.4572,0.006,0.3358,0.0079,0.0204,0.4726,3.2542,17.0,33.0,1.4849,31.8271
Karnataka,26.0,179,mid-season,0.3701,0.0089,0.2709,0.0061,0.2,0.3794,2.4469,18.0,36.0,1.0009,37.9059
All India,,5428,mid-season,0.5153,0.011,0.368,0.0068,0.7984,0.5097,-1.1102,,,2.3872,21.3514
Assam,27.0,306,mid-season,0.2929,0.006,0.2206,0.008,0.0704,0.2798,-4.6824,16.0,36.0,1.1781,23.7501
Bihar,38.0,455,mid-season,0.725,0.0199,0.5641,0.014,-0.2356,0.677,-7.0967,16.0,36.0,2.3992,28.2177
Maharashtra,32.0,360,mid-season,0.4325,0.005,0.3277,0.0068,0.2962,0.4012,-7.7822,13.0,36.0,1.4942,26.8505
Rajasthan,33.0,394,mid-season,0.5074,0.018,0.3777,0.0118,0.6589,0.4698,-7.9881,20.0,36.0,2.9667,15.8358
Himachal Pradesh,10.0,120,mid-season,0.5851,0.0326,0.4706,0.0192,-0.2166,0.541,-8.1612,18.0,36.0,1.417,38.1793
West Bengal,16.0,171,mid-season,0.3941,0.0096,0.3004,0.0073,0.1812,0.3643,-8.1661,16.0,36.0,2.5147,14.4868
Uttarakhand,12.0,144,mid-season,0.3455,0.012,0.2652,0.0184,0.8445,0.3055,-13.0903,16.0,36.0,1.7974,16.9968
Haryana,22.0,252,mid-season,0.5952,0.0269,0.4576,0.0185,-0.0683,0.5224,-13.9501,12.0,36.0,4.3971,11.8806
Uttar Pradesh,75.0,878,mid-season,0.6213,0.0154,0.4416,0.0079,0.2034,0.535,-16.141,12.0,36.0,3.0171,17.7323
Punjab,22.0,252,mid-season,0.5126,0.0292,0.3913,0.0189,-0.2683,0.4379,-17.0633,12.0,36.0,4.6205,9.4773
Odisha,30.0,347,sowing (zero-day),0.2091,0.0021,0.1536,0.0009,0.503,0.316,33.8345,36.0,36.0,1.5931,19.8355
Madhya Pradesh,51.0,601,sowing (zero-day),0.5525,0.0165,0.4074,0.0153,0.6768,0.7082,21.9859,31.0,36.0,2.4284,29.1632
Andhra Pradesh,6.0,35,sowing (zero-day),0.5543,0.0175,0.424,0.0099,-0.2988,0.6432,13.8281,25.0,36.0,0.9276,69.3402
Chhattisgarh,26.0,258,sowing (zero-day),0.2865,0.0113,0.2116,0.0091,0.4895,0.3322,13.7433,29.0,36.0,1.4421,23.0359
Kerala,1.0,2,sowing (zero-day),0.9461,0.0251,0.7464,0.087,-inf,0.996,5.0095,3.0,6.0,1.0,99.6
Telangana,17.0,82,sowing (zero-day),0.7269,0.019,0.4672,0.0142,-0.5384,0.7623,4.6419,26.0,36.0,1.2612,60.4424
Gujarat,33.0,332,sowing (zero-day),0.4703,0.0055,0.3576,0.0068,0.457,0.4925,4.4939,26.0,36.0,2.8039,17.5648
Jharkhand,24.0,260,sowing (zero-day),0.4618,0.0057,0.3413,0.004,0.0005,0.4726,2.2769,17.0,33.0,1.4849,31.8271
Karnataka,26.0,179,sowing (zero-day),0.3717,0.0082,0.2732,0.0057,0.1934,0.3794,2.0435,18.0,36.0,1.0009,37.9059
All India,,5428,sowing (zero-day),0.5285,0.0045,0.3792,0.0024,0.7881,0.5097,-3.6847,,,2.3872,21.3514
Assam,27.0,306,sowing (zero-day),0.2936,0.0074,0.2212,0.0091,0.0655,0.2798,-4.949,17.0,36.0,1.1781,23.7501
Himachal Pradesh,10.0,120,sowing (zero-day),0.5823,0.032,0.4654,0.0154,-0.2048,0.541,-7.6376,19.0,36.0,1.417,38.1793
Maharashtra,32.0,360,sowing (zero-day),0.4391,0.0072,0.3325,0.0088,0.2742,0.4012,-9.4478,13.0,36.0,1.4942,26.8505
West Bengal,16.0,171,sowing (zero-day),0.4001,0.0064,0.308,0.0046,0.156,0.3643,-9.8251,15.0,36.0,2.5147,14.4868
Rajasthan,33.0,394,sowing (zero-day),0.5162,0.0189,0.3855,0.0141,0.6469,0.4698,-9.8771,20.0,36.0,2.9667,15.8358
Bihar,38.0,455,sowing (zero-day),0.7536,0.0186,0.5891,0.0169,-0.335,0.677,-11.3237,16.0,36.0,2.3992,28.2177
Uttarakhand,12.0,144,sowing (zero-day),0.3566,0.0157,0.2743,0.0201,0.8342,0.3055,-16.7454,15.0,36.0,1.7974,16.9968
Haryana,22.0,252,sowing (zero-day),0.6203,0.0234,0.4794,0.0142,-0.1599,0.5224,-18.7556,13.0,36.0,4.3971,11.8806
Punjab,22.0,252,sowing (zero-day),0.5236,0.0185,0.4021,0.0064,-0.3211,0.4379,-19.5562,11.0,36.0,4.6205,9.4773
Uttar Pradesh,75.0,878,sowing (zero-day),0.6529,0.0065,0.4754,0.0093,0.1205,0.535,-22.0513,9.0,36.0,3.0171,17.7323
